[
    {
        "id":1,
        "name":"Dindugal Thalapakatti Biriyani",
        "price":250,
        "image":"Dindugal Thalapakatti.avif"

    },
    {
        "id":2,
        "name":"SS Hyderabadi Biriyani",
        "price":220,
        "image":"SS Hyderabadi.avif"

    },
    {
        "id":3,
        "name":"Khalids Biriyani",
        "price":230,
        "image":"Khalids.avif"

    },
    {
        "id":4,
        "name":"Mcrennette Cake",
        "price":120,
        "image":"Mcrennett.avif"

    },
    {
        "id":5,
        "name":"Brownie",
        "price":100,
        "image":"The Brownie Studio.avif"

    },
    {
        "id":6,
        "name":"Fresh Cream Cake(1/2 KG)",
        "price":500,
        "image":"FB Cakes.avif"

    },
    {
        "id":7,
        "name":"Chinese Wok Noodles",
        "price":130,
        "image":"Chinese Wok.avif"

    },
    {
        "id":8,
        "name":"Big Bowl Noodles",
        "price":150,
        "image":"Big Bowl.avif"

    },
    {
        "id":9,
        "name":"Zam Zam Noodles",
        "price":120,
        "image":"Zam Zam Fast food.avif"

    },
    {
        "id":10,
        "name":"Big Burger Theory Signature Burger",
        "price":220,
        "image":"Big Burger Theory.avif"

    },
    {
        "id":11,
        "name":"Burger King Classic",
        "price":130,
        "image":"Burger King.avif"

    },
    {
        "id":12,
        "name":"Wendy's Burger Signature",
        "price":280,
        "image":"Wendy's Burger.avif"

    },
]